filename,predictionType,SVMprediction,time,megapixels,id,color,bbox,area,perimeter
COLO_01820604_BETULACEAE_Corylus_cornuta_H,SVM,Leaf,09-05-2019 02-44-34.209,2.94,7,[0.466 0.674 0.188],[175.5 674.5 86 107],5678.75,310.472
COLO_01820604_BETULACEAE_Corylus_cornuta_H,SVM,Leaf_Partial,09-05-2019 02-44-34.677,2.94,10,[0 0.447 0.741],[293.5 1041.5 51 56],1579.5,162.99
COLO_01820604_BETULACEAE_Corylus_cornuta_H,SVM,Leaf_Partial,09-05-2019 02-44-34.826,2.94,11,[0 0.447 0.741],[297.5 1314.5 102 97],4579.375,365.444
COLO_01820604_BETULACEAE_Corylus_cornuta_H,SVM,Leaf_Partial,09-05-2019 02-44-34.987,2.94,12,[0 0.447 0.741],[298.5 1532.5 296 167],18477.125,1166.423
COLO_01820604_BETULACEAE_Corylus_cornuta_H,SVM,Leaf,09-05-2019 02-44-35.439,2.94,15,[0.466 0.674 0.188],[365.5 604.5 141 128],9180.5,467.756
COLO_01820604_BETULACEAE_Corylus_cornuta_H,SVM,Leaf_Partial,09-05-2019 02-44-35.667,2.94,16,[0 0.447 0.741],[391.5 215.5 74 79],3301,312.963
COLO_01820604_BETULACEAE_Corylus_cornuta_H,SVM,Leaf_Partial,09-05-2019 02-44-35.859,2.94,17,[0 0.447 0.741],[432.5 766.5 200 187],19121.75,879.836
COLO_01820604_BETULACEAE_Corylus_cornuta_H,SVM,Leaf_Partial,09-05-2019 02-44-36.644,2.94,22,[0 0.447 0.741],[571.5 1393.5 166 153],11334.75,763.268
COLO_01820604_BETULACEAE_Corylus_cornuta_H,SVM,Leaf_Partial,09-05-2019 02-44-38.330,2.94,33,[0 0.447 0.741],[1108.5 981.5 63 73],2800.375,217.756
